{
    "params": {
        "alpha": 4.229327681930718,
        "compactness": 0.0008889786607393797,
        "sigma": 2.353866255229204
    },
    "target": -7.73356076699141
}