{
    "params": {
        "alpha": 9.304922021124716,
        "compactness": 0.0009291601254728352,
        "sigma": 2.671056864237263
    },
    "target": -16.59854697683835
}